Billing Document,Document Number,POS Invoice No.,Posting Date,Document Date,G/L Account,Amount in local currency,Business Area,Document Type,Assignment,Cleared/open items symbol,Item,Line item,Purchasing Document,Quantity,Posting Period,Posting Key,Local Currency,Tax code,Clearing Document,Reference,Account,Special G/L Ind.,Cost Center,Company Code,Discount Percent 2,Debit/Credit Ind.,Text,Customer,User name,Offsetting acct no.,Vendor,Year/month,Offsett.account type,Site,Account Type,Bill Type
72068482,90029664,,02-02-2025,02-02-2025,10065600,-54,,RV,20250202,,0,3,,0,11,50,INR,3,,72068482,10065600,,,IN01,0,H,,D001,SAPAUTO,D001,,2024/11,D,1534,S,GF2
72068502,90029866,,02-02-2025,02-02-2025,10065600,-71.88,,RV,20250202,,0,3,,0,11,50,INR,3,,72068502,10065600,,,IN01,0,H,,C-1654,SAPAUTO,C-1654,,2024/11,D,1534,S,GF2
72068531,90029971,,02-04-2025,02-04-2025,10065600,-199.5,,RV,20250204,,0,3,,0,11,50,INR,1,,72068531,10065600,,,IN01,0,H,,D001,SAPAUTO,D001,,2024/11,D,1534,S,GF2
72068531,90029971,,02-04-2025,02-04-2025,10065600,-540,,RV,20250204,,0,5,,0,11,50,INR,2,,72068531,10065600,,,IN01,0,H,,D001,SAPAUTO,D001,,2024/11,D,1534,S,GF2
72068532,90029972,,02-04-2025,02-04-2025,10065600,-250.8,,RV,20250204,,0,3,,0,11,50,INR,2,,72068532,10065600,,,IN01,0,H,,C-1591,SAPAUTO,C-1591,,2024/11,D,1534,S,GF2
72068533,90029973,,02-04-2025,02-04-2025,10065600,-586.8,,RV,20250204,,0,3,,0,11,50,INR,2,,72068533,10065600,,,IN01,0,H,,C-1654,SAPAUTO,C-1654,,2024/11,D,1534,S,GF2
93736556,90030000,5000034571,02-05-2025,02-05-2025,10065600,-1417.5,,RV,20250205,,0,3,,0,11,50,INR,2,,93736556,10065600,,,IN01,0,H,,C-1534,SAPAUTO,300095,,2024/11,D,1534,S,ZFP
93736559,90030003,5000034572,02-05-2025,02-05-2025,10065600,-1382.14,,RV,20250205,,0,3,,0,11,50,INR,2,,93736559,10065600,,,IN01,0,H,,C-1534,SAPAUTO,300087,,2024/11,D,1534,S,ZFP
93736560,90030004,5000034491,02-05-2025,02-05-2025,10065600,-4821.43,,RV,20250205,,0,3,,0,11,50,INR,2,,93736560,10065600,,,IN01,0,H,,C-1534,SAPAUTO,300087,,2024/11,D,1534,S,ZFP
72068607,90030146,,02-06-2025,02-06-2025,10065600,-425,,RV,20250206,,0,3,,0,11,50,INR,1,,72068607,10065600,,,IN01,0,H,,D001,SAPAUTO,D001,,2024/11,D,1534,S,GF2
72068608,90030147,,02-06-2025,02-06-2025,10065600,-250.8,,RV,20250206,,0,3,,0,11,50,INR,2,,72068608,10065600,,,IN01,0,H,,C-1591,SAPAUTO,C-1591,,2024/11,D,1534,S,GF2
72068608,90030147,,02-06-2025,02-06-2025,10065600,-250.8,,RV,20250206,,0,5,,0,11,50,INR,2,,72068608,10065600,,,IN01,0,H,,C-1591,SAPAUTO,C-1591,,2024/11,D,1534,S,GF2
72068608,90030147,,02-06-2025,02-06-2025,10065600,-540,,RV,20250206,,0,7,,0,11,50,INR,2,,72068608,10065600,,,IN01,0,H,,C-1591,SAPAUTO,C-1591,,2024/11,D,1534,S,GF2
72068608,90030147,,02-06-2025,02-06-2025,10065600,-540,,RV,20250206,,0,9,,0,11,50,INR,2,,72068608,10065600,,,IN01,0,H,,C-1591,SAPAUTO,C-1591,,2024/11,D,1534,S,GF2
72068608,90030147,,02-06-2025,02-06-2025,10065600,-250.8,,RV,20250206,,0,11,,0,11,50,INR,2,,72068608,10065600,,,IN01,0,H,,C-1591,SAPAUTO,C-1591,,2024/11,D,1534,S,GF2
72068608,90030147,,02-06-2025,02-06-2025,10065600,-540,,RV,20250206,,0,13,,0,11,50,INR,2,,72068608,10065600,,,IN01,0,H,,C-1591,SAPAUTO,C-1591,,2024/11,D,1534,S,GF2
72068608,90030147,,02-06-2025,02-06-2025,10065600,-540,,RV,20250206,,0,15,,0,11,50,INR,2,,72068608,10065600,,,IN01,0,H,,C-1591,SAPAUTO,C-1591,,2024/11,D,1534,S,GF2
72068609,90030148,,02-06-2025,02-06-2025,10065600,-540,,RV,20250206,,0,3,,0,11,50,INR,2,,72068609,10065600,,,IN01,0,H,,C-0911,SAPAUTO,C-0911,,2024/11,D,1534,S,GF2
72068610,90030149,,02-06-2025,02-06-2025,10065600,-1320,,RV,20250206,,0,3,,0,11,50,INR,2,,72068610,10065600,,,IN01,0,H,,C-0887,SAPAUTO,C-0887,,2024/11,D,1534,S,GF2
72068611,90030150,,02-06-2025,02-06-2025,10065600,-540,,RV,20250206,,0,3,,0,11,50,INR,2,,72068611,10065600,,,IN01,0,H,,D001,SAPAUTO,D001,,2024/11,D,1534,S,GF2
72068611,90030150,,02-06-2025,02-06-2025,10065600,-406.8,,RV,20250206,,0,5,,0,11,50,INR,2,,72068611,10065600,,,IN01,0,H,,D001,SAPAUTO,D001,,2024/11,D,1534,S,GF2
72068612,90030151,,02-06-2025,02-06-2025,10065600,-406.8,,RV,20250206,,0,3,,0,11,50,INR,2,,72068612,10065600,,,IN01,0,H,,C-0911,SAPAUTO,C-0911,,2024/11,D,1534,S,GF2
93736748,90030206,5000034581,02-07-2025,02-07-2025,10065600,-116.5,,RV,20250207,,0,3,,0,11,50,INR,9,,93736748,10065600,,,IN01,0,H,,C-1534,SAPAUTO,300087,,2024/11,D,1534,S,ZFP
72068647,90030250,,02-07-2025,02-07-2025,10065600,-226.8,,RV,20250207,,0,3,,0,11,50,INR,2,,72068647,10065600,,,IN01,0,H,,C-1068,SAPAUTO,C-1068,,2024/11,D,1534,S,GF2
72068648,90030251,,02-07-2025,02-07-2025,10065600,-262.8,,RV,20250207,,0,3,,0,11,50,INR,2,,72068648,10065600,,,IN01,0,H,,C-1351,SAPAUTO,C-1351,,2024/11,D,1534,S,GF2
72068648,90030251,,02-07-2025,02-07-2025,10065600,-358.8,,RV,20250207,,0,5,,0,11,50,INR,2,,72068648,10065600,,,IN01,0,H,,C-1351,SAPAUTO,C-1351,,2024/11,D,1534,S,GF2
72068648,90030251,,02-07-2025,02-07-2025,10065600,-202.8,,RV,20250207,,0,7,,0,11,50,INR,2,,72068648,10065600,,,IN01,0,H,,C-1351,SAPAUTO,C-1351,,2024/11,D,1534,S,GF2
93736870,90030293,5000034594,02-08-2025,02-08-2025,10065600,-2882.14,,RV,20250208,,0,3,,0,11,50,INR,2,,93736870,10065600,,,IN01,0,H,,C-1534,SAPAUTO,300087,,2024/11,D,1534,S,ZFP
93736870,90030293,5000034594,02-08-2025,02-08-2025,10065600,-2132.14,,RV,20250208,,0,5,,0,11,50,INR,2,,93736870,10065600,,,IN01,0,H,,C-1534,SAPAUTO,300087,,2024/11,D,1534,S,ZFP
72068664,90030320,,02-08-2025,02-08-2025,10065600,-214.8,,RV,20250208,,0,3,,0,11,50,INR,2,,72068664,10065600,,,IN01,0,H,,C-1542,SAPAUTO,C-1542,,2024/11,D,1534,S,GF2
72068670,90030391,,02-09-2025,02-09-2025,10065600,-672,,RV,20250209,,0,3,,0,11,50,INR,2,,72068670,10065600,,,IN01,0,H,,C-1350,SAPAUTO,C-1350,,2024/11,D,1534,S,GF2
72068671,90030392,,02-09-2025,02-09-2025,10065600,-214.8,,RV,20250209,,0,3,,0,11,50,INR,2,,72068671,10065600,,,IN01,0,H,,C-1654,SAPAUTO,C-1654,,2024/11,D,1534,S,GF2
93737062,90030437,5000034515,02-10-2025,02-10-2025,10065600,-1342.5,,RV,20250210,,0,3,,0,11,50,INR,2,,93737062,10065600,,,IN01,0,H,,C-1534,SAPAUTO,300087,,2024/11,D,1534,S,ZFP
93737209,90030460,5000034408,02-10-2025,02-10-2025,10065600,1342.5,,RV,20250210,,0,3,,0,11,40,INR,2,,93737209,10065600,,,IN01,0,S,,C-1534,SAPAUTO,300087,,2024/11,D,1534,S,ZFP
93737243,90030520,5000034610,02-11-2025,02-11-2025,10065600,-364.08,,RV,20250211,,0,3,,0,11,50,INR,9,,93737243,10065600,,,IN01,0,H,,C-1534,SAPAUTO,300095,,2024/11,D,1534,S,ZFP
93737244,90030521,5000034615,02-11-2025,02-11-2025,10065600,-299.25,,RV,20250211,,0,3,,0,11,50,INR,2,,93737244,10065600,,,IN01,0,H,,C-1534,SAPAUTO,300087,,2024/11,D,1534,S,ZFP
93737245,90030522,5000034618,02-11-2025,02-11-2025,10065600,-321.43,,RV,20250211,,0,3,,0,11,50,INR,2,,93737245,10065600,,,IN01,0,H,,C-1534,SAPAUTO,300087,,2024/11,D,1534,S,ZFP
72068714,90030556,,02-11-2025,02-11-2025,10065600,-1152,,RV,20250211,,0,3,,0,11,50,INR,2,,72068714,10065600,,,IN01,0,H,,C-1351,SAPAUTO,C-1351,,2024/11,D,1534,S,GF2
72068750,90030721,,2/13/2025,2/13/2025,10065600,-232.2,,RV,20250213,,0,3,,0,11,50,INR,3,,72068750,10065600,,,IN01,0,H,,D001,SAPAUTO,D001,,2024/11,D,1534,S,GF2
72068750,90030721,,2/13/2025,2/13/2025,10065600,-234,,RV,20250213,,0,5,,0,11,50,INR,3,,72068750,10065600,,,IN01,0,H,,D001,SAPAUTO,D001,,2024/11,D,1534,S,GF2
93737608,90030769,5000034522,2/14/2025,2/14/2025,10065600,-319.88,,RV,20250214,,0,3,,0,11,50,INR,3,,93737608,10065600,,,IN01,0,H,,C-1534,SAPAUTO,300087,,2024/11,D,1534,S,ZFP
72068774,90030812,,2/14/2025,2/14/2025,10065600,-6900,,RV,20250214,,0,3,,0,11,50,INR,2,,72068774,10065600,,,IN01,0,H,,C-1350,SAPAUTO,C-1350,,2024/11,D,1534,S,GF2
72068774,90030812,,2/14/2025,2/14/2025,10065600,-6900,,RV,20250214,,0,5,,0,11,50,INR,2,,72068774,10065600,,,IN01,0,H,,C-1350,SAPAUTO,C-1350,,2024/11,D,1534,S,GF2
72068796,90030881,,2/15/2025,2/15/2025,10065600,-275,,RV,20250215,,0,3,,0,11,50,INR,1,,72068796,10065600,,,IN01,0,H,,C-1591,SAPAUTO,C-1591,,2024/11,D,1534,S,GF2
72068797,90030882,,2/15/2025,2/15/2025,10065600,-900,,RV,20250215,,0,3,,0,11,50,INR,3,,72068797,10065600,,,IN01,0,H,,C-1654,SAPAUTO,C-1654,,2024/11,D,1534,S,GF2
93737906,90030993,5000034741,2/17/2025,2/17/2025,10065600,-761.95,,RV,20250217,,0,3,,0,11,50,INR,3,,93737906,10065600,,,IN01,0,H,,C-1534,SAPAUTO,300095,,2024/11,D,1534,S,ZFP
93738020,90031077,5000034750,2/18/2025,2/18/2025,10065600,-2132.14,,RV,20250218,,0,3,,0,11,50,INR,2,,93738020,10065600,,,IN01,0,H,,C-1534,SAPAUTO,300095,,2024/11,D,1534,S,ZFP
72068861,90031097,,2/18/2025,2/18/2025,10065600,-450,,RV,20250218,,0,3,,0,11,50,INR,3,,72068861,10065600,,,IN01,0,H,,C-1350,SAPAUTO,C-1350,,2024/11,D,1534,S,GF2
72068883,90031183,,2/19/2025,2/19/2025,10065600,-495,,RV,20250219,,0,3,,0,11,50,INR,1,,72068883,10065600,,,IN01,0,H,,C-0911,SAPAUTO,C-0911,,2024/11,D,1534,S,GF2
93738311,90031259,5000034758,2/20/2025,2/20/2025,10065600,-3214.29,,RV,20250220,,0,3,,0,11,50,INR,2,,93738311,10065600,,,IN01,0,H,,C-1534,SAPAUTO,300095,,2024/11,D,1534,S,ZFP
72068911,90031278,,2/20/2025,2/20/2025,10065600,-960,,RV,20250220,,0,3,,0,11,50,INR,2,,72068911,10065600,,,IN01,0,H,,C-1350,SAPAUTO,C-1350,,2024/11,D,1534,S,GF2
72068912,90031279,,2/20/2025,2/20/2025,10065600,-1375,,RV,20250220,,0,3,,0,11,50,INR,1,,72068912,10065600,,,IN01,0,H,,C-1542,SAPAUTO,C-1542,,2024/11,D,1534,S,GF2
93738376,90031334,5000034770,2/21/2025,2/21/2025,10065600,-2025,,RV,20250221,,0,3,,0,11,50,INR,2,,93738376,10065600,,,IN01,0,H,,C-1534,SAPAUTO,300087,,2024/11,D,1534,S,ZFP
72068934,90031355,,2/21/2025,2/21/2025,10065600,-226.8,,RV,20250221,,0,3,,0,11,50,INR,2,,72068934,10065600,,,IN01,0,H,,C-0887,SAPAUTO,C-0887,,2024/11,D,1534,S,GF2
72068935,90031356,,2/21/2025,2/21/2025,10065600,-262.8,,RV,20250221,,0,3,,0,11,50,INR,2,,72068935,10065600,,,IN01,0,H,,C-1350,SAPAUTO,C-1350,,2024/11,D,1534,S,GF2
72068935,90031356,,2/21/2025,2/21/2025,10065600,-262.8,,RV,20250221,,0,5,,0,11,50,INR,2,,72068935,10065600,,,IN01,0,H,,C-1350,SAPAUTO,C-1350,,2024/11,D,1534,S,GF2
72068935,90031356,,2/21/2025,2/21/2025,10065600,-166.8,,RV,20250221,,0,7,,0,11,50,INR,2,,72068935,10065600,,,IN01,0,H,,C-1350,SAPAUTO,C-1350,,2024/11,D,1534,S,GF2
72068935,90031356,,2/21/2025,2/21/2025,10065600,-178.8,,RV,20250221,,0,9,,0,11,50,INR,2,,72068935,10065600,,,IN01,0,H,,C-1350,SAPAUTO,C-1350,,2024/11,D,1534,S,GF2
72068936,90031357,,2/21/2025,2/21/2025,10065600,-495,,RV,20250221,,0,3,,0,11,50,INR,1,,72068936,10065600,,,IN01,0,H,,C-1591,SAPAUTO,C-1591,,2024/11,D,1534,S,GF2
72068937,90031358,,2/21/2025,2/21/2025,10065600,-45,,RV,20250221,,0,3,,0,11,50,INR,2,,72068937,10065600,,,IN01,0,H,,C-1591,SAPAUTO,C-1591,,2024/11,D,1534,S,GF2
93738438,90031417,5000034774,2/22/2025,2/22/2025,10065600,-1047.62,,RV,20250222,,0,3,,0,11,50,INR,1,,93738438,10065600,,,IN01,0,H,,C-1534,SAPAUTO,300087,,2024/11,D,1534,S,ZFP
93738653,90031577,5000034770,2/24/2025,2/24/2025,10065600,2025,,RV,20250224,,0,3,,0,11,40,INR,2,,93738653,10065600,,,IN01,0,S,,C-1534,SAPAUTO,300087,,2024/11,D,1534,S,ZFP
72069011,90031689,,2/25/2025,2/25/2025,10065600,-504,,RV,20250225,,0,3,,0,11,50,INR,2,,72069011,10065600,,,IN01,0,H,,D001,SAPAUTO,D001,,2024/11,D,1534,S,GF2
72069012,90031690,,2/25/2025,2/25/2025,10065600,-744,,RV,20250225,,0,3,,0,11,50,INR,2,,72069012,10065600,,,IN01,0,H,,C-1351,SAPAUTO,C-1351,,2024/11,D,1534,S,GF2
72069012,90031690,,2/25/2025,2/25/2025,10065600,-540,,RV,20250225,,0,5,,0,11,50,INR,2,,72069012,10065600,,,IN01,0,H,,C-1351,SAPAUTO,C-1351,,2024/11,D,1534,S,GF2
72069013,90031691,,2/25/2025,2/25/2025,10065600,-250.8,,RV,20250225,,0,3,,0,11,50,INR,2,,72069013,10065600,,,IN01,0,H,,C-1542,SAPAUTO,C-1542,,2024/11,D,1534,S,GF2
72069014,90031692,,2/25/2025,2/25/2025,10065600,-238.8,,RV,20250225,,0,3,,0,11,50,INR,2,,72069014,10065600,,,IN01,0,H,,C-1350,SAPAUTO,C-1350,,2024/11,D,1534,S,GF2
72069034,90031776,,2/26/2025,2/26/2025,10065600,-214.8,,RV,20250226,,0,3,,0,11,50,INR,2,,72069034,10065600,,,IN01,0,H,,C-0911,SAPAUTO,C-0911,,2024/11,D,1534,S,GF2
93739204,90031978,5000034618,2/28/2025,2/28/2025,10065600,321.43,,RV,20250228,,0,3,,0,11,40,INR,2,,93739204,10065600,,,IN01,0,S,,C-1534,SAPAUTO,300087,,2024/11,D,1534,S,ZFP
72069088,90031998,,2/28/2025,2/28/2025,10065600,-630,,RV,20250228,,0,3,,0,11,50,INR,3,,72069088,10065600,,,IN01,0,H,,D001,SAPAUTO,D001,,2024/11,D,1534,S,GF2
72069089,90031999,,2/28/2025,2/28/2025,10065600,-250.8,,RV,20250228,,0,3,,0,11,50,INR,2,,72069089,10065600,,,IN01,0,H,,C-1068,SAPAUTO,C-1068,,2024/11,D,1534,S,GF2
72069090,90032000,,2/28/2025,2/28/2025,10065600,-262.8,,RV,20250228,,0,3,,0,11,50,INR,2,,72069090,10065600,,,IN01,0,H,,C-1654,SAPAUTO,C-1654,,2024/11,D,1534,S,GF2
72069091,90032001,,2/28/2025,2/28/2025,10065600,-625,,RV,20250228,,0,3,,0,11,50,INR,1,,72069091,10065600,,,IN01,0,H,,C-1654,SAPAUTO,C-1654,,2024/11,D,1534,S,GF2
72069092,90032002,,2/28/2025,2/28/2025,10065600,-598.8,,RV,20250228,,0,3,,0,11,50,INR,2,,72069092,10065600,,,IN01,0,H,,C-0887,SAPAUTO,C-0887,,2024/11,D,1534,S,GF2
72069092,90032002,,2/28/2025,2/28/2025,10065600,-214.8,,RV,20250228,,0,5,,0,11,50,INR,2,,72069092,10065600,,,IN01,0,H,,C-0887,SAPAUTO,C-0887,,2024/11,D,1534,S,GF2
93736088,90029547,240SC1010002781,02-01-2025,02-01-2025,10065601,-21321.43,,RV,20250201,,0,2,,0,11,50,INR,2,,93736088,10065601,,,IN01,0,H,,C-1350,SAPAUTO,10060070,,2024/11,S,1350,S,FP
72068464,90029593,,02-01-2025,02-01-2025,10065601,-480,,RV,20250201,,0,3,,0,11,50,INR,2,,72068464,10065601,,,IN01,0,H,,C-1542,SAPAUTO,C-1542,,2024/11,D,1350,S,GF2
72068465,90029594,,02-01-2025,02-01-2025,10065601,-238.8,,RV,20250201,,0,3,,0,11,50,INR,2,,72068465,10065601,,,IN01,0,H,,C-1591,SAPAUTO,C-1591,,2024/11,D,1350,S,GF2
72068466,90029595,,02-01-2025,02-01-2025,10065601,-147,,RV,20250201,,0,3,,0,11,50,INR,9,,72068466,10065601,,,IN01,0,H,,C-1068,SAPAUTO,C-1068,,2024/11,D,1350,S,GF2
72068467,90029596,,02-01-2025,02-01-2025,10065601,-238.8,,RV,20250201,,0,3,,0,11,50,INR,2,,72068467,10065601,,,IN01,0,H,,C-1591,SAPAUTO,C-1591,,2024/11,D,1350,S,GF2
72068468,90029597,,02-01-2025,02-01-2025,10065601,-550,,RV,20250201,,0,3,,0,11,50,INR,1,,72068468,10065601,,,IN01,0,H,,C-1654,SAPAUTO,C-1654,,2024/11,D,1350,S,GF2
72068475,90029657,,02-02-2025,02-02-2025,10065601,-406.8,,RV,20250202,,0,3,,0,11,50,INR,2,,72068475,10065601,,,IN01,0,H,,C-1351,SAPAUTO,C-1351,,2024/11,D,911,S,GF2
72068476,90029658,,02-02-2025,02-02-2025,10065601,-178.8,,RV,20250202,,0,3,,0,11,50,INR,2,,72068476,10065601,,,IN01,0,H,,D001,SAPAUTO,D001,,2024/11,D,1350,S,GF2
72068476,90029658,,02-02-2025,02-02-2025,10065601,-630,,RV,20250202,,0,5,,0,11,50,INR,3,,72068476,10065601,,,IN01,0,H,,D001,SAPAUTO,D001,,2024/11,D,1350,S,GF2
72068477,90029659,,02-02-2025,02-02-2025,10065601,-300,,RV,20250202,,0,3,,0,11,50,INR,2,,72068477,10065601,,,IN01,0,H,,C-1542,SAPAUTO,C-1542,,2024/11,D,1350,S,GF2
72068478,90029660,,02-02-2025,02-02-2025,10065601,-9,,RV,20250202,,0,3,,0,11,50,INR,3,,72068478,10065601,,,IN01,0,H,,D001,SAPAUTO,D001,,2024/11,D,1350,S,GF2
72068479,90029661,,02-02-2025,02-02-2025,10065601,-600,,RV,20250202,,0,3,,0,11,50,INR,2,,72068479,10065601,,,IN01,0,H,,C-1542,SAPAUTO,C-1542,,2024/11,D,1350,S,GF2
72068480,90029662,,02-02-2025,02-02-2025,10065601,-12,,RV,20250202,,0,3,,0,11,50,INR,9,,72068480,10065601,,,IN01,0,H,,C-1068,SAPAUTO,C-1068,,2024/11,D,1350,S,GF2
93736257,90029809,240SC1010002807,02-03-2025,02-03-2025,10065601,-4060.71,,RV,20250203,,0,2,,0,11,50,INR,2,,93736257,10065601,,,IN01,0,H,,C-1350,SAPAUTO,10060070,,2024/11,S,1350,S,FP
93736257,90029809,240SC1010002807,02-03-2025,02-03-2025,10065601,-3846.43,,RV,20250203,,0,5,,0,11,50,INR,2,,93736257,10065601,,,IN01,0,H,,C-1350,SAPAUTO,10060070,,2024/11,S,1350,S,FP
93736257,90029809,240SC1010002807,02-03-2025,02-03-2025,10065601,-8132.14,,RV,20250203,,0,8,,0,11,50,INR,2,,93736257,10065601,,,IN01,0,H,,C-1350,SAPAUTO,10060070,,2024/11,S,1350,S,FP
93736257,90029809,240SC1010002807,02-03-2025,02-03-2025,10065601,-5892.86,,RV,20250203,,0,10,,0,11,50,INR,2,,93736257,10065601,,,IN01,0,H,,C-1350,SAPAUTO,10060070,,2024/11,S,1350,S,FP
93736257,90029809,240SC1010002807,02-03-2025,02-03-2025,10065601,-1167.86,,RV,20250203,,0,12,,0,11,50,INR,2,,93736257,10065601,,,IN01,0,H,,C-1350,SAPAUTO,10060070,,2024/11,S,1350,S,FP
93736257,90029809,240SC1010002807,02-03-2025,02-03-2025,10065601,-1917.86,,RV,20250203,,0,14,,0,11,50,INR,2,,93736257,10065601,,,IN01,0,H,,C-1350,SAPAUTO,10060070,,2024/11,S,1350,S,FP
93736257,90029809,240SC1010002807,02-03-2025,02-03-2025,10065601,-1167.86,,RV,20250203,,0,16,,0,11,50,INR,2,,93736257,10065601,,,IN01,0,H,,C-1350,SAPAUTO,10060070,,2024/11,S,1350,S,FP
93736257,90029809,240SC1010002807,02-03-2025,02-03-2025,10065601,-1489.29,,RV,20250203,,0,18,,0,11,50,INR,2,,93736257,10065601,,,IN01,0,H,,C-1350,SAPAUTO,10060070,,2024/11,S,1350,S,FP
93736257,90029809,240SC1010002807,02-03-2025,02-03-2025,10065601,-1917.86,,RV,20250203,,0,20,,0,11,50,INR,2,,93736257,10065601,,,IN01,0,H,,C-1350,SAPAUTO,10060070,,2024/11,S,1350,S,FP
93736257,90029809,240SC1010002807,02-03-2025,02-03-2025,10065601,-1167.86,,RV,20250203,,0,22,,0,11,50,INR,2,,93736257,10065601,,,IN01,0,H,,C-1350,SAPAUTO,10060070,,2024/11,S,1350,S,FP
93736257,90029809,240SC1010002807,02-03-2025,02-03-2025,10065601,-1917.86,,RV,20250203,,0,24,,0,11,50,INR,2,,93736257,10065601,,,IN01,0,H,,C-1350,SAPAUTO,10060070,,2024/11,S,1350,S,FP
72068495,90029859,,02-03-2025,02-03-2025,10065601,-107.88,,RV,20250203,,0,3,,0,11,50,INR,3,,72068495,10065601,,,IN01,0,H,,D001,SAPAUTO,D001,,2024/11,D,911,S,GF2
72068498,90029862,,02-03-2025,02-03-2025,10065601,-540,,RV,20250203,,0,3,,0,11,50,INR,2,,72068498,10065601,,,IN01,0,H,,C-1068,SAPAUTO,C-1068,,2024/11,D,1350,S,GF2
72068499,90029863,,02-03-2025,02-03-2025,10065601,-130.8,,RV,20250203,,0,3,,0,11,50,INR,2,,72068499,10065601,,,IN01,0,H,,C-1542,SAPAUTO,C-1542,,2024/11,D,1350,S,GF2
72068500,90029864,,02-03-2025,02-03-2025,10065601,-269.82,,RV,20250203,,0,3,,0,11,50,INR,3,,72068500,10065601,,,IN01,0,H,,D001,SAPAUTO,D001,,2024/11,D,1350,S,GF2
72068500,90029864,,02-03-2025,02-03-2025,10065601,-250.8,,RV,20250203,,0,5,,0,11,50,INR,2,,72068500,10065601,,,IN01,0,H,,D001,SAPAUTO,D001,,2024/11,D,1350,S,GF2
72068500,90029864,,02-03-2025,02-03-2025,10065601,-250.8,,RV,20250203,,0,7,,0,11,50,INR,2,,72068500,10065601,,,IN01,0,H,,D001,SAPAUTO,D001,,2024/11,D,1350,S,GF2
72068500,90029864,,02-03-2025,02-03-2025,10065601,-400,,RV,20250203,,0,9,,0,11,50,INR,1,,72068500,10065601,,,IN01,0,H,,D001,SAPAUTO,D001,,2024/11,D,1350,S,GF2
93736416,90029889,5000034567,02-04-2025,02-04-2025,10065601,-349.51,,RV,20250204,,0,3,,0,11,50,INR,9,,93736416,10065601,,,IN01,0,H,,C-0911,SAPAUTO,300095,,2024/11,D,911,S,ZFP
93736417,90029890,5000034571,02-04-2025,02-04-2025,10065601,-5239.29,,RV,20250204,,0,3,,0,11,50,INR,2,,93736417,10065601,,,IN01,0,H,,C-0911,SAPAUTO,300095,,2024/11,D,911,S,ZFP
93736417,90029890,5000034571,02-04-2025,02-04-2025,10065601,-8035.71,,RV,20250204,,0,5,,0,11,50,INR,2,,93736417,10065601,,,IN01,0,H,,C-0911,SAPAUTO,300095,,2024/11,D,911,S,ZFP
93736418,90029891,5000034570,02-04-2025,02-04-2025,10065601,-1167.86,,RV,20250204,,0,3,,0,11,50,INR,2,,93736418,10065601,,,IN01,0,H,,C-0911,SAPAUTO,300095,,2024/11,D,911,S,ZFP
93736436,90029909,5000034567,02-04-2025,02-04-2025,10065601,-470.68,,RV,20250204,,0,3,,0,11,50,INR,9,,93736436,10065601,,,IN01,0,H,,C-1350,SAPAUTO,300095,,2024/11,D,1350,S,ZFP
93736436,90029909,5000034567,02-04-2025,02-04-2025,10065601,-378.64,,RV,20250204,,0,5,,0,11,50,INR,9,,93736436,10065601,,,IN01,0,H,,C-1350,SAPAUTO,300095,,2024/11,D,1350,S,ZFP
93736441,90029914,240SC1010002822,02-04-2025,02-04-2025,10065601,-5625,,RV,20250204,,0,2,,0,11,50,INR,2,,93736441,10065601,,,IN01,0,H,,C-1350,SAPAUTO,10060070,,2024/11,S,1350,S,FP
93736442,90029915,240SC1010002823,02-04-2025,02-04-2025,10065601,-4285.71,,RV,20250204,,0,2,,0,11,50,INR,2,,93736442,10065601,,,IN01,0,H,,C-1350,SAPAUTO,10066001,,2024/11,S,1350,S,FP
93736442,90029915,240SC1010002823,02-04-2025,02-04-2025,10065601,-5000,,RV,20250204,,0,5,,0,11,50,INR,1,,93736442,10065601,,,IN01,0,H,,C-1350,SAPAUTO,10066001,,2024/11,S,1350,S,FP
93736448,90029921,5000034570,02-04-2025,02-04-2025,10065601,-1917.86,,RV,20250204,,0,3,,0,11,50,INR,2,,93736448,10065601,,,IN01,0,H,,C-1350,SAPAUTO,300095,,2024/11,D,1350,S,ZFP
72068515,90029955,,02-04-2025,02-04-2025,10065601,-310.8,,RV,20250204,,0,3,,0,11,50,INR,2,,72068515,10065601,,,IN01,0,H,,C-1654,SAPAUTO,C-1654,,2024/11,D,911,S,GF2
72068515,90029955,,02-04-2025,02-04-2025,10065601,-430.8,,RV,20250204,,0,5,,0,11,50,INR,2,,72068515,10065601,,,IN01,0,H,,C-1654,SAPAUTO,C-1654,,2024/11,D,911,S,GF2
72068516,90029956,,02-04-2025,02-04-2025,10065601,-37.5,,RV,20250204,,0,3,,0,11,50,INR,9,,72068516,10065601,,,IN01,0,H,,C-1591,SAPAUTO,C-1591,,2024/11,D,911,S,GF2
72068517,90029957,,02-04-2025,02-04-2025,10065601,-2388,,RV,20250204,,0,3,,0,11,50,INR,2,,72068517,10065601,,,IN01,0,H,,D001,SAPAUTO,D001,,2024/11,D,911,S,GF2
72068523,90029963,,02-04-2025,02-04-2025,10065601,-63,,RV,20250204,,0,3,,0,11,50,INR,3,,72068523,10065601,,,IN01,0,H,,D001,SAPAUTO,D001,,2024/11,D,1350,S,GF2
72068524,90029964,,02-04-2025,02-04-2025,10065601,-250.8,,RV,20250204,,0,3,,0,11,50,INR,2,,72068524,10065601,,,IN01,0,H,,C-1591,SAPAUTO,C-1591,,2024/11,D,1350,S,GF2
72068524,90029964,,02-04-2025,02-04-2025,10065601,-110.7,,RV,20250204,,0,5,,0,11,50,INR,9,,72068524,10065601,,,IN01,0,H,,C-1591,SAPAUTO,C-1591,,2024/11,D,1350,S,GF2
72068525,90029965,,02-04-2025,02-04-2025,10065601,-630,,RV,20250204,,0,3,,0,11,50,INR,3,,72068525,10065601,,,IN01,0,H,,C-1068,SAPAUTO,C-1068,,2024/11,D,1350,S,GF2
72068526,90029966,,02-04-2025,02-04-2025,10065601,-286.8,,RV,20250204,,0,3,,0,11,50,INR,2,,72068526,10065601,,,IN01,0,H,,D001,SAPAUTO,D001,,2024/11,D,1350,S,GF2
93736628,90030072,5000034488,02-06-2025,02-06-2025,10065601,-1917.86,,RV,20250206,,0,3,,0,11,50,INR,2,,93736628,10065601,,,IN01,0,H,,C-0911,SAPAUTO,300095,,2024/11,D,911,S,ZFP
72068580,90030119,,02-06-2025,02-06-2025,10065601,-39.5,,RV,20250206,,0,3,,0,11,50,INR,2,,72068580,10065601,,,IN01,0,H,,D001,SAPAUTO,D001,,2024/11,D,911,S,GF2
72068581,90030120,,02-06-2025,02-06-2025,10065601,-90,,RV,20250206,,0,3,,0,11,50,INR,9,,72068581,10065601,,,IN01,0,H,,C-0887,SAPAUTO,C-0887,,2024/11,D,911,S,GF2
72068582,90030121,,02-06-2025,02-06-2025,10065601,-900,,RV,20250206,,0,3,,0,11,50,INR,3,,72068582,10065601,,,IN01,0,H,,C-1542,SAPAUTO,C-1542,,2024/11,D,911,S,GF2
72068583,90030122,,02-06-2025,02-06-2025,10065601,-250.8,,RV,20250206,,0,3,,0,11,50,INR,2,,72068583,10065601,,,IN01,0,H,,C-1591,SAPAUTO,C-1591,,2024/11,D,911,S,GF2
72068583,90030122,,02-06-2025,02-06-2025,10065601,-214.8,,RV,20250206,,0,5,,0,11,50,INR,2,,72068583,10065601,,,IN01,0,H,,C-1591,SAPAUTO,C-1591,,2024/11,D,911,S,GF2
72068583,90030122,,02-06-2025,02-06-2025,10065601,-1440,,RV,20250206,,0,7,,0,11,50,INR,2,,72068583,10065601,,,IN01,0,H,,C-1591,SAPAUTO,C-1591,,2024/11,D,911,S,GF2
72068584,90030123,,02-06-2025,02-06-2025,10065601,-300,,RV,20250206,,0,3,,0,11,50,INR,2,,72068584,10065601,,,IN01,0,H,,C-1351,SAPAUTO,C-1351,,2024/11,D,911,S,GF2
72068584,90030123,,02-06-2025,02-06-2025,10065601,-300,,RV,20250206,,0,5,,0,11,50,INR,2,,72068584,10065601,,,IN01,0,H,,C-1351,SAPAUTO,C-1351,,2024/11,D,911,S,GF2
72068585,90030124,,02-06-2025,02-06-2025,10065601,-312,,RV,20250206,,0,3,,0,11,50,INR,2,,72068585,10065601,,,IN01,0,H,,D001,SAPAUTO,D001,,2024/11,D,911,S,GF2
72068586,90030125,,02-06-2025,02-06-2025,10065601,-125,,RV,20250206,,0,3,,0,11,50,INR,1,,72068586,10065601,,,IN01,0,H,,C-0887,SAPAUTO,C-0887,,2024/11,D,911,S,GF2
72068589,90030128,,02-06-2025,02-06-2025,10065601,-406.8,,RV,20250206,,0,3,,0,11,50,INR,2,,72068589,10065601,,,IN01,0,H,,C-1351,SAPAUTO,C-1351,,2024/11,D,1350,S,GF2
72068590,90030129,,02-06-2025,02-06-2025,10065601,-420,,RV,20250206,,0,3,,0,11,50,INR,2,,72068590,10065601,,,IN01,0,H,,D001,SAPAUTO,D001,,2024/11,D,1350,S,GF2
72068591,90030130,,02-06-2025,02-06-2025,10065601,-925,,RV,20250206,,0,3,,0,11,50,INR,1,,72068591,10065601,,,IN01,0,H,,C-1405,SAPAUTO,C-1405,,2024/11,D,1350,S,GF2
72068592,90030131,,02-06-2025,02-06-2025,10065601,-142.8,,RV,20250206,,0,3,,0,11,50,INR,2,,72068592,10065601,,,IN01,0,H,,D001,SAPAUTO,D001,,2024/11,D,1350,S,GF2
72068593,90030132,,02-06-2025,02-06-2025,10065601,-540,,RV,20250206,,0,3,,0,11,50,INR,2,,72068593,10065601,,,IN01,0,H,,D001,SAPAUTO,D001,,2024/11,D,1350,S,GF2
72068593,90030132,,02-06-2025,02-06-2025,10065601,-24.5,,RV,20250206,,0,5,,0,11,50,INR,2,,72068593,10065601,,,IN01,0,H,,D001,SAPAUTO,D001,,2024/11,D,1350,S,GF2
72068593,90030132,,02-06-2025,02-06-2025,10065601,-19.95,,RV,20250206,,0,7,,0,11,50,INR,2,,72068593,10065601,,,IN01,0,H,,D001,SAPAUTO,D001,,2024/11,D,1350,S,GF2
72068593,90030132,,02-06-2025,02-06-2025,10065601,-39.9,,RV,20250206,,0,9,,0,11,50,INR,2,,72068593,10065601,,,IN01,0,H,,D001,SAPAUTO,D001,,2024/11,D,1350,S,GF2
72068593,90030132,,02-06-2025,02-06-2025,10065601,-19.95,,RV,20250206,,0,11,,0,11,50,INR,2,,72068593,10065601,,,IN01,0,H,,D001,SAPAUTO,D001,,2024/11,D,1350,S,GF2
72068593,90030132,,02-06-2025,02-06-2025,10065601,-24.5,,RV,20250206,,0,13,,0,11,50,INR,2,,72068593,10065601,,,IN01,0,H,,D001,SAPAUTO,D001,,2024/11,D,1350,S,GF2
72068593,90030132,,02-06-2025,02-06-2025,10065601,-19.95,,RV,20250206,,0,15,,0,11,50,INR,2,,72068593,10065601,,,IN01,0,H,,D001,SAPAUTO,D001,,2024/11,D,1350,S,GF2
72068594,90030133,,02-06-2025,02-06-2025,10065601,-720,,RV,20250206,,0,3,,0,11,50,INR,2,,72068594,10065601,,,IN01,0,H,,D001,SAPAUTO,D001,,2024/11,D,1350,S,GF2
72068595,90030134,,02-06-2025,02-06-2025,10065601,-478.8,,RV,20250206,,0,3,,0,11,50,INR,2,,72068595,10065601,,,IN01,0,H,,D001,SAPAUTO,D001,,2024/11,D,1350,S,GF2
72068596,90030135,,02-06-2025,02-06-2025,10065601,-214.8,,RV,20250206,,0,3,,0,11,50,INR,2,,72068596,10065601,,,IN01,0,H,,C-1351,SAPAUTO,C-1351,,2024/11,D,1350,S,GF2
72068596,90030135,,02-06-2025,02-06-2025,10065601,-394.8,,RV,20250206,,0,5,,0,11,50,INR,2,,72068596,10065601,,,IN01,0,H,,C-1351,SAPAUTO,C-1351,,2024/11,D,1350,S,GF2
72068597,90030136,,02-06-2025,02-06-2025,10065601,-540,,RV,20250206,,0,3,,0,11,50,INR,2,,72068597,10065601,,,IN01,0,H,,C-1351,SAPAUTO,C-1351,,2024/11,D,1350,S,GF2
72068598,90030137,,02-06-2025,02-06-2025,10065601,-420,,RV,20250206,,0,3,,0,11,50,INR,2,,72068598,10065601,,,IN01,0,H,,C-1351,SAPAUTO,C-1351,,2024/11,D,1350,S,GF2
72068599,90030138,,02-06-2025,02-06-2025,10065601,-525,,RV,20250206,,0,3,,0,11,50,INR,1,,72068599,10065601,,,IN01,0,H,,C-0887,SAPAUTO,C-0887,,2024/11,D,1350,S,GF2
72068599,90030138,,02-06-2025,02-06-2025,10065601,-175,,RV,20250206,,0,5,,0,11,50,INR,1,,72068599,10065601,,,IN01,0,H,,C-0887,SAPAUTO,C-0887,,2024/11,D,1350,S,GF2
72068600,90030139,,02-06-2025,02-06-2025,10065601,-924,,RV,20250206,,0,3,,0,11,50,INR,2,,72068600,10065601,,,IN01,0,H,,C-1351,SAPAUTO,C-1351,,2024/11,D,1350,S,GF2
72068601,90030140,,02-06-2025,02-06-2025,10065601,-1440,,RV,20250206,,0,3,,0,11,50,INR,2,,72068601,10065601,,,IN01,0,H,,C-1068,SAPAUTO,C-1068,,2024/11,D,1350,S,GF2
72068602,90030141,,02-06-2025,02-06-2025,10065601,-925,,RV,20250206,,0,3,,0,11,50,INR,1,,72068602,10065601,,,IN01,0,H,,C-1591,SAPAUTO,C-1591,,2024/11,D,1350,S,GF2
72068602,90030141,,02-06-2025,02-06-2025,10065601,-360,,RV,20250206,,0,5,,0,11,50,INR,2,,72068602,10065601,,,IN01,0,H,,C-1591,SAPAUTO,C-1591,,2024/11,D,1350,S,GF2
72068602,90030141,,02-06-2025,02-06-2025,10065601,-274.8,,RV,20250206,,0,7,,0,11,50,INR,2,,72068602,10065601,,,IN01,0,H,,C-1591,SAPAUTO,C-1591,,2024/11,D,1350,S,GF2
72068602,90030141,,02-06-2025,02-06-2025,10065601,-214.8,,RV,20250206,,0,9,,0,11,50,INR,2,,72068602,10065601,,,IN01,0,H,,C-1591,SAPAUTO,C-1591,,2024/11,D,1350,S,GF2
72068602,90030141,,02-06-2025,02-06-2025,10065601,-1560,,RV,20250206,,0,11,,0,11,50,INR,2,,72068602,10065601,,,IN01,0,H,,C-1591,SAPAUTO,C-1591,,2024/11,D,1350,S,GF2
72068603,90030142,,02-06-2025,02-06-2025,10065601,-744,,RV,20250206,,0,3,,0,11,50,INR,2,,72068603,10065601,,,IN01,0,H,,C-1351,SAPAUTO,C-1351,,2024/11,D,1350,S,GF2
93736727,90030185,5000034502,02-07-2025,02-07-2025,10065601,-180.58,,RV,20250207,,0,3,,0,11,50,INR,9,,93736727,10065601,,,IN01,0,H,,C-0911,SAPAUTO,300095,,2024/11,D,911,S,ZFP
93736737,90030195,240SC1010002842,02-07-2025,02-07-2025,10065601,-11785.71,,RV,20250207,,0,2,,0,11,50,INR,2,,93736737,10065601,,,IN01,0,H,,C-1350,SAPAUTO,10060070,,2024/11,S,1350,S,FP
72068636,90030239,,02-07-2025,02-07-2025,10065601,-840,,RV,20250207,,0,3,,0,11,50,INR,2,,72068636,10065601,,,IN01,0,H,,D001,SAPAUTO,D001,,2024/11,D,911,S,GF2
72068637,90030240,,02-07-2025,02-07-2025,10065601,-394.8,,RV,20250207,,0,3,,0,11,50,INR,2,,72068637,10065601,,,IN01,0,H,,C-1351,SAPAUTO,C-1351,,2024/11,D,911,S,GF2
72068637,90030240,,02-07-2025,02-07-2025,10065601,-276,,RV,20250207,,0,5,,0,11,50,INR,2,,72068637,10065601,,,IN01,0,H,,C-1351,SAPAUTO,C-1351,,2024/11,D,911,S,GF2
72068637,90030240,,02-07-2025,02-07-2025,10065601,-430.8,,RV,20250207,,0,7,,0,11,50,INR,2,,72068637,10065601,,,IN01,0,H,,C-1351,SAPAUTO,C-1351,,2024/11,D,911,S,GF2
72068637,90030240,,02-07-2025,02-07-2025,10065601,-226.8,,RV,20250207,,0,9,,0,11,50,INR,2,,72068637,10065601,,,IN01,0,H,,C-1351,SAPAUTO,C-1351,,2024/11,D,911,S,GF2
72068640,90030243,,02-07-2025,02-07-2025,10065601,-298.8,,RV,20250207,,0,3,,0,11,50,INR,2,,72068640,10065601,,,IN01,0,H,,D001,SAPAUTO,D001,,2024/11,D,1350,S,GF2
72068641,90030244,,02-07-2025,02-07-2025,10065601,-2388,,RV,20250207,,0,3,,0,11,50,INR,2,,72068641,10065601,,,IN01,0,H,,D001,SAPAUTO,D001,,2024/11,D,1350,S,GF2
72068641,90030244,,02-07-2025,02-07-2025,10065601,-1140,,RV,20250207,,0,5,,0,11,50,INR,2,,72068641,10065601,,,IN01,0,H,,D001,SAPAUTO,D001,,2024/11,D,1350,S,GF2
72068641,90030244,,02-07-2025,02-07-2025,10065601,-3360,,RV,20250207,,0,7,,0,11,50,INR,2,,72068641,10065601,,,IN01,0,H,,D001,SAPAUTO,D001,,2024/11,D,1350,S,GF2
72068641,90030244,,02-07-2025,02-07-2025,10065601,-4788,,RV,20250207,,0,9,,0,11,50,INR,2,,72068641,10065601,,,IN01,0,H,,D001,SAPAUTO,D001,,2024/11,D,1350,S,GF2
72068641,90030244,,02-07-2025,02-07-2025,10065601,-1920,,RV,20250207,,0,11,,0,11,50,INR,2,,72068641,10065601,,,IN01,0,H,,D001,SAPAUTO,D001,,2024/11,D,1350,S,GF2
72068641,90030244,,02-07-2025,02-07-2025,10065601,-1020,,RV,20250207,,0,13,,0,11,50,INR,2,,72068641,10065601,,,IN01,0,H,,D001,SAPAUTO,D001,,2024/11,D,1350,S,GF2
72068641,90030244,,02-07-2025,02-07-2025,10065601,-2160,,RV,20250207,,0,15,,0,11,50,INR,2,,72068641,10065601,,,IN01,0,H,,D001,SAPAUTO,D001,,2024/11,D,1350,S,GF2
72068641,90030244,,02-07-2025,02-07-2025,10065601,-3588,,RV,20250207,,0,17,,0,11,50,INR,2,,72068641,10065601,,,IN01,0,H,,D001,SAPAUTO,D001,,2024/11,D,1350,S,GF2
72068641,90030244,,02-07-2025,02-07-2025,10065601,-5040,,RV,20250207,,0,19,,0,11,50,INR,2,,72068641,10065601,,,IN01,0,H,,D001,SAPAUTO,D001,,2024/11,D,1350,S,GF2
72068641,90030244,,02-07-2025,02-07-2025,10065601,-480,,RV,20250207,,0,21,,0,11,50,INR,2,,72068641,10065601,,,IN01,0,H,,D001,SAPAUTO,D001,,2024/11,D,1350,S,GF2
72068642,90030245,,02-07-2025,02-07-2025,10065601,-1426.8,,RV,20250207,,0,3,,0,11,50,INR,2,,72068642,10065601,,,IN01,0,H,,C-1591,SAPAUTO,C-1591,,2024/11,D,1350,S,GF2
93736852,90030275,5000034506,02-08-2025,02-08-2025,10065601,-3813.56,,RV,20250208,,0,3,,0,11,50,INR,3,,93736852,10065601,,,IN01,0,H,,C-0911,SAPAUTO,300095,,2024/11,D,911,S,ZFP
93736860,90030283,240SC1010002852,02-08-2025,02-08-2025,10065601,-18750,,RV,20250208,,0,2,,0,11,50,INR,2,,93736860,10065601,,,IN01,0,H,,C-1350,SAPAUTO,10060070,,2024/11,S,1350,S,FP
72068662,90030318,,02-08-2025,02-08-2025,10065601,-42,,RV,20250208,,0,3,,0,11,50,INR,9,,72068662,10065601,,,IN01,0,H,,C-1351,SAPAUTO,C-1351,,2024/11,D,1350,S,GF2
72068662,90030318,,02-08-2025,02-08-2025,10065601,-22.5,,RV,20250208,,0,5,,0,11,50,INR,9,,72068662,10065601,,,IN01,0,H,,C-1351,SAPAUTO,C-1351,,2024/11,D,1350,S,GF2
72068663,90030319,,02-08-2025,02-08-2025,10065601,-598.8,,RV,20250208,,0,3,,0,11,50,INR,2,,72068663,10065601,,,IN01,0,H,,C-1351,SAPAUTO,C-1351,,2024/11,D,1350,S,GF2
93736968,90030328,5000034600,02-09-2025,02-09-2025,10065601,-1596.43,,RV,20250209,,0,3,,0,11,50,INR,2,,93736968,10065601,,,IN01,0,H,,C-0911,SAPAUTO,300095,,2024/11,D,911,S,ZFP
93736989,90030349,240SC1010002867,02-09-2025,02-09-2025,10065601,-320.39,,RV,20250209,,0,2,,0,11,50,INR,9,,93736989,10065601,,,IN01,0,H,,C-1350,SAPAUTO,10060070,,2024/11,S,1350,S,FP
93736989,90030349,240SC1010002867,02-09-2025,02-09-2025,10065601,-2667.86,,RV,20250209,,0,5,,0,11,50,INR,2,,93736989,10065601,,,IN01,0,H,,C-1350,SAPAUTO,10060070,,2024/11,S,1350,S,FP
93736989,90030349,240SC1010002867,02-09-2025,02-09-2025,10065601,-1489.29,,RV,20250209,,0,7,,0,11,50,INR,2,,93736989,10065601,,,IN01,0,H,,C-1350,SAPAUTO,10060070,,2024/11,S,1350,S,FP
93736989,90030349,240SC1010002867,02-09-2025,02-09-2025,10065601,-1167.86,,RV,20250209,,0,9,,0,11,50,INR,2,,93736989,10065601,,,IN01,0,H,,C-1350,SAPAUTO,10060070,,2024/11,S,1350,S,FP
93736989,90030349,240SC1010002867,02-09-2025,02-09-2025,10065601,-3739.29,,RV,20250209,,0,11,,0,11,50,INR,2,,93736989,10065601,,,IN01,0,H,,C-1350,SAPAUTO,10060070,,2024/11,S,1350,S,FP
93736989,90030349,240SC1010002867,02-09-2025,02-09-2025,10065601,-26775,,RV,20250209,,0,13,,0,11,50,INR,2,,93736989,10065601,,,IN01,0,H,,C-1350,SAPAUTO,10060070,,2024/11,S,1350,S,FP
93736989,90030349,240SC1010002867,02-09-2025,02-09-2025,10065601,-3188.14,,RV,20250209,,0,15,,0,11,50,INR,3,,93736989,10065601,,,IN01,0,H,,C-1350,SAPAUTO,10060070,,2024/11,S,1350,S,FP
93736993,90030353,240SC1010002871,02-09-2025,02-09-2025,10065601,-2678.57,,RV,20250209,,0,2,,0,11,50,INR,2,,93736993,10065601,,,IN01,0,H,,C-1350,SAPAUTO,20080005,,2024/11,S,1350,S,FP
93736993,90030353,240SC1010002871,02-09-2025,02-09-2025,10065601,-1596.43,,RV,20250209,,0,5,,0,11,50,INR,2,,93736993,10065601,,,IN01,0,H,,C-1350,SAPAUTO,20080005,,2024/11,S,1350,S,FP
93736993,90030353,240SC1010002871,02-09-2025,02-09-2025,10065601,-2025,,RV,20250209,,0,7,,0,11,50,INR,2,,93736993,10065601,,,IN01,0,H,,C-1350,SAPAUTO,20080005,,2024/11,S,1350,S,FP
93736993,90030353,240SC1010002871,02-09-2025,02-09-2025,10065601,-5357.14,,RV,20250209,,0,9,,0,11,50,INR,2,,93736993,10065601,,,IN01,0,H,,C-1350,SAPAUTO,20080005,,2024/11,S,1350,S,FP
